id;request_id;timestamp;client;currency
1;venti gently proud;2024-06-28T02:23:03;yowza;deg
2;easily quiet deliquesce;2024-06-27T16:34:01;perfectly extradite reassuringly;lim
3;newsletter;2024-06-27T17:25:33;athwart;bes
4;weave ouch fedora;2024-06-27T23:47:07;beneath;sco
5;hypothesise whereas yum;2024-06-28T00:22:31;certainly transmogrify;sal
6;uh-huh boohoo unless;2024-06-27T17:51:01;aw bribe;eve
7;horrible adviser aside;2024-06-28T04:18:51;basic rectangle boo;oof
8;fervently consequently;2024-06-28T00:01:17;actual;ouc
9;really;2024-06-28T10:50:44;handicap below;les
10;right keeper;2024-06-28T06:51:11;newsstand surgery hunger;del
