id;service_name;request_id;time_stamp;client_id
1;hire creosote;berate although busily;2024-07-02T23:51:19;setting
2;lest inflict;alarm wilted;2024-07-02T11:23:54;vivid
3;tortellini whenever;mattress crocus except;2024-07-02T18:36:15;canst
4;ebb;cohere house generator;2024-07-02T06:03:21;nimble
5;distant where separately;scrawny if absent;2024-07-02T06:24:57;whoever forenenst mmm
6;what shoehorn amongst;including;2024-07-02T08:39:42;unexpectedly arbitrate out
7;so reassess fervently;although unhealthy;2024-07-02T14:55:51;indicator noisily
8;through;once;2024-07-02T16:50:51;present amidst shed
9;unless;but perpetrate croon;2024-07-02T04:29:33;whistle
10;fault scuff;hail;2024-07-03T02:13:17;apud boo
